Id;Designator;Package;Quantity;Designation;Digikey ref
1;R1,R2,R3,R4,R5;R_0805_2012Metric;5;10k;P10KACT-ND
2;U2;RFM95;1;RFM95;https://www.nicerf.com/product_179_281.html
3;SW1;SW_SPST_B3SL-1002P;1;DNP;
4;U3;TQFP-44_10x10mm_Pitch0.8mm;1;ATMEGA1284P-AU;ATMEGA1284P-AURCT-ND
5;J11;Pin_Header_Straight_1x01_Pitch2.54mm;1;DNP;
6;J12;Pin_Header_Straight_1x02_Pitch2.54mm;1;DNP;
7;J13;Pin_Header_Straight_1x02_Pitch2.54mm;1;DNP;
8;Y1;Crystal_SMD_SeikoEpson_FA238V-4pin_3.2x2.5mm_HandSoldering;1;8MHz;644-1178-1-ND
9;D1;LED_D3.0mm;1;DNP;
10;U1;BME280;1;BME280;828-1063-1-ND
11;J6,J7,J8,J9,J10,J5;Pin_Header_Straight_1x01_Pitch2.54mm;6;DNP;
12;J4;SPARKFUN_RJ11-6;1;DNP;
13;J1;SPARKFUN_RJ11-6;1;DNP;
14;J2;BATTERY_TERMINAL;1;DNP;
15;J3;BATTERY_TERMINAL;1;DNP;
16;AE1;PCB_HELICAL_ANTENNA_868;1;DNP;
17;C1,C2,C3,C5,C6,C10,C12,C13,C14,C15;C_0805_2012Metric;10;100n;1276-1007-1-ND
18;C4,C11;C_0805_2012Metric;2;10u;1276-2405-1-ND
19;C7;C_0805_2012Metric;1;1pF;1276-2548-1-ND
20;C8,C9;C_0805_2012Metric;2;22p;732-7848-1-ND
21;L1;L_0805_2012Metric;1;12nH;490-16018-1-ND
22;L2;L_0805_2012Metric;1;DNP;
